id,usages
"1",""
"3",""
"15",""
"16",""
"17",""
"18",""
"19",""
"20",""
"39",""
"41",""
"44",""
"45",""
"46",""
"47",""
"48",""
"49",""
"50",""
"53",""
"58",""
"61",""
"62",""
"63",""
"64",""
"65",""
"66",""
"68",""
"69",""
"70",""
"71",""
"72",""
"73",""
"74",""
"75",""
"76",""
"77",""
"78",""
"79",""
"80",""
"81",""
"82",""
"83",""
"84",""
"85",""
"86",""
"87",""
"88",""
"89",""
"90",""
"91",""
"92",""
"93",""
"94",""
"95",""
"96",""
"97",""
"102",""
"103",""
"104",""
"108",""
"110",""
"114",""
"117",""
"118",""
"123",""
"124",""
"125",""
"126",""
"127",""
"128",""
"129",""
"130",""
"131",""
"132",""
"133",""
"134",""