id,filename,locations,original_url
"1","PXL_20251008_123053054 (2).jpg","","https://www.bbforpeace.org/api/media/file/PXL_20251008_123053054%20(2).jpg"
"3","Northwest22.png","","https://www.bbforpeace.org/api/media/file/Northwest22.png"
"15","BBFORPEACE-Baseline-Study-NAP-YPS.pdf","","https://www.bbforpeace.org/documents/BBFORPEACE-Baseline-Study-NAP-YPS.pdf"
"16","BBFORPEACE-Shrinking-Civic-Space.pdf","","https://www.bbforpeace.org/documents/BBFORPEACE-Shrinking-Civic-Space.pdf"
"17","BBFORPEACE-UNSCR-2250-AU-Framework.pdf","","https://www.bbforpeace.org/documents/BBFORPEACE-UNSCR-2250-AU-Framework.pdf"
"18","BBFORPEACE-Beyond-EndSARS.pdf","","https://www.bbforpeace.org/documents/BBFORPEACE-Beyond-EndSARS.pdf"
"19","BBFORPEACE-Youth-Voices-Peace.pdf","","https://www.bbforpeace.org/documents/BBFORPEACE-Youth-Voices-Peace.pdf"
"20","BBFORPEACE-COVID19-Peacebuilding.pdf","","https://www.bbforpeace.org/documents/BBFORPEACE-COVID19-Peacebuilding.pdf"
"39","policy report.PNG","","https://www.bbforpeace.org/api/media/file/policy%20report.PNG"
"41","policy report-1.PNG","","https://www.bbforpeace.org/api/media/file/policy%20report-1.PNG"
"44","WAPSED2025 (4)-1.pdf","","https://www.bbforpeace.org/api/media/file/WAPSED2025%20(4)-1.pdf"
"45","Impact Report.pdf","","https://www.bbforpeace.org/api/media/file/Impact%20Report.pdf"
"46","Northwest.png","","https://www.bbforpeace.org/api/media/file/Northwest.png"
"47","Northwest23.pdf","","https://www.bbforpeace.org/api/media/file/Northwest23.pdf"
"48","WhatsApp Image 2020-11-23 at 2.00.38 PM.jpeg","","https://www.bbforpeace.org/api/media/file/WhatsApp%20Image%202020-11-23%20at%202.00.38%20PM.jpeg"
"49","GPPAC BOOK.pdf","","https://www.bbforpeace.org/api/media/file/GPPAC%20BOOK.pdf"
"50","zzz.jpeg","","https://www.bbforpeace.org/api/media/file/zzz.jpeg"
"53","COVER PAGE.jpeg","","https://www.bbforpeace.org/api/media/file/COVER%20PAGE.jpeg"
"58","mummy-oNOnLiuOXd2LEtHDmHcshhu5PHC7cQ-7Q3sQIdYhEG4nWBxD5Bv8GE8h9Ihch.jpg","","https://www.bbforpeace.org/api/media/file/mummy-oNOnLiuOXd2LEtHDmHcshhu5PHC7cQ-7Q3sQIdYhEG4nWBxD5Bv8GE8h9Ihch.jpg"
"61","globalpeace-koTVHAkJqHZ5j3xONVERiXV1NcS4s7-iVNGZgrIqH7jGYdVKoaFm3DZ05xM5a.pdf","","https://www.bbforpeace.org/api/media/file/globalpeace-koTVHAkJqHZ5j3xONVERiXV1NcS4s7-iVNGZgrIqH7jGYdVKoaFm3DZ05xM5a.pdf"
"62","unnamed-VOzxoJJmTRWP50bIFi4mlqSxUhr4t8-tjK1wyuYOFxPvNTPK2kLQGtSPP56k7.png","","https://www.bbforpeace.org/api/media/file/unnamed-VOzxoJJmTRWP50bIFi4mlqSxUhr4t8-tjK1wyuYOFxPvNTPK2kLQGtSPP56k7.png"
"63","Updated-Final-Baseline-54pFoYHZHqHqRRYhYpB9jUek1Ju1OI-0J3L4uzUbl38iULueCXoo2LERhW7Ze.pdf","","https://www.bbforpeace.org/api/media/file/Updated-Final-Baseline-54pFoYHZHqHqRRYhYpB9jUek1Ju1OI-0J3L4uzUbl38iULueCXoo2LERhW7Ze.pdf"
"64","Screenshot_20210510-181042-NtYy0Xvx1fAAWHKoQ8tAPBmjjxjkOy-HwAYDH2abSInZsc7fzglyM5eMffDhm.webp","","https://www.bbforpeace.org/api/media/file/Screenshot_20210510-181042-NtYy0Xvx1fAAWHKoQ8tAPBmjjxjkOy-HwAYDH2abSInZsc7fzglyM5eMffDhm.webp"
"65","civic-GDQexn4KmLkn9FwGdMTww1hw21Nf4y-dP5Fpo8Mioq4mPjhJBMPjRt9ez6eaQ.pdf","","https://www.bbforpeace.org/api/media/file/civic-GDQexn4KmLkn9FwGdMTww1hw21Nf4y-dP5Fpo8Mioq4mPjhJBMPjRt9ez6eaQ.pdf"
"66","COVID91-7tkST4pZRNGW75vGk1xharNZufCoAF-aSWwK8MgP21DgLbhmHLzCaawsU8lje.png","","https://www.bbforpeace.org/api/media/file/COVID91-7tkST4pZRNGW75vGk1xharNZufCoAF-aSWwK8MgP21DgLbhmHLzCaawsU8lje.png"
"68","futurespeacebuilding-lWHbWbnwQGkB3dGGP4dPGNO3bNlVUc-QTcdyKboxcKSvWcYld4MZlKOCGfgxE.pdf","","https://www.bbforpeace.org/api/media/file/futurespeacebuilding-lWHbWbnwQGkB3dGGP4dPGNO3bNlVUc-QTcdyKboxcKSvWcYld4MZlKOCGfgxE.pdf"
"69","Nigerian-immigrants-72KPYIQY1VLdFMfipiJUF6DEfiRIWS-zCGS9MHVbQjf89DsgEYZDDpj3401H3.jpg","","https://www.bbforpeace.org/api/media/file/Nigerian-immigrants-72KPYIQY1VLdFMfipiJUF6DEfiRIWS-zCGS9MHVbQjf89DsgEYZDDpj3401H3.jpg"
"70","youth_day-2023_index_0-b06TPQtWxRb8kYS2w4GiI5ckPIxv5D-xGmfeF0VFfMIPFwa4EsuV4ng1f9gf6.jpg","","https://www.bbforpeace.org/api/media/file/youth_day-2023_index_0-b06TPQtWxRb8kYS2w4GiI5ckPIxv5D-xGmfeF0VFfMIPFwa4EsuV4ng1f9gf6.jpg"
"71","IMG_20220727_134654_846-7bD2j2RK5IVT9eufwBZxlJoltDeWa9-BB0QeiMFg6Q4tI3oyB9gHm0gKBpWS2.jpg","","https://www.bbforpeace.org/api/media/file/IMG_20220727_134654_846-7bD2j2RK5IVT9eufwBZxlJoltDeWa9-BB0QeiMFg6Q4tI3oyB9gHm0gKBpWS2.jpg"
"72","hate-speech-day-YQnpp5RLeJcLqkoaQ3HeW9xCMTRZMe-gPlHUJrUemSk23yQwSWI26NsUxXf3k.png","","https://www.bbforpeace.org/api/media/file/hate-speech-day-YQnpp5RLeJcLqkoaQ3HeW9xCMTRZMe-gPlHUJrUemSk23yQwSWI26NsUxXf3k.png"
"73","day_of_families-2023-mB2aq2vXx6VZzMxQEdgpfSyLqfBXwv-PwfRnIxd7xLKf6DubXwjblgX5pxend.png","","https://www.bbforpeace.org/api/media/file/day_of_families-2023-mB2aq2vXx6VZzMxQEdgpfSyLqfBXwv-PwfRnIxd7xLKf6DubXwjblgX5pxend.png"
"74","Sexual-violence-in-Nigeria-1-ZwKYHV6I8KCycOxS1AhHIvBB3Q4aPK-jJwutB1pfxYGSjYnxevyfG6zajQ48g.jpg","","https://www.bbforpeace.org/api/media/file/Sexual-violence-in-Nigeria-1-ZwKYHV6I8KCycOxS1AhHIvBB3Q4aPK-jJwutB1pfxYGSjYnxevyfG6zajQ48g.jpg"
"75","R-7-eKLk1GfP8CIImEMsFq30p0QbvWSbsk-ofPhVs4s0dbvLWDuH0WpeHFEXhOqVd.jpg","","https://www.bbforpeace.org/api/media/file/R-7-eKLk1GfP8CIImEMsFq30p0QbvWSbsk-ofPhVs4s0dbvLWDuH0WpeHFEXhOqVd.jpg"
"76","IMG_9351-1-xaW6ReC66oJ45azSdxdxMxajW40kUu-2cNHa79PDhqV0QPuQYojhP7IK2esPd.jpg","","https://www.bbforpeace.org/api/media/file/IMG_9351-1-xaW6ReC66oJ45azSdxdxMxajW40kUu-2cNHa79PDhqV0QPuQYojhP7IK2esPd.jpg"
"77","R-6-6f0iYnUpPzlIExi0z30WMvgKprg1sV-0fCtUjeYp0G4gRDe2MCeppEzKj6McG.jpg","","https://www.bbforpeace.org/api/media/file/R-6-6f0iYnUpPzlIExi0z30WMvgKprg1sV-0fCtUjeYp0G4gRDe2MCeppEzKj6McG.jpg"
"78","R-6-mE8SJCQeWcI2LSrNNQdo6x2fuJ9rA2-6TPUYQ6DiaYOGM2K5FRBi4hL1VIijf.jpg","","https://www.bbforpeace.org/api/media/file/R-6-mE8SJCQeWcI2LSrNNQdo6x2fuJ9rA2-6TPUYQ6DiaYOGM2K5FRBi4hL1VIijf.jpg"
"79","BBFORPEACE-uq5rxXEEy4NjN5yaRK4xvGHXr7x2rh-lcOBdyTKe8q062wpXC0flGoqdbvmjb.png","","https://www.bbforpeace.org/api/media/file/BBFORPEACE-uq5rxXEEy4NjN5yaRK4xvGHXr7x2rh-lcOBdyTKe8q062wpXC0flGoqdbvmjb.png"
"80","pitur-QE5PLKJkJEAHjqcQlvDcK0T24k6JM0-69WrjJCQAQknU9d1R12WpELBsCZoy7.jpg","","https://www.bbforpeace.org/api/media/file/pitur-QE5PLKJkJEAHjqcQlvDcK0T24k6JM0-69WrjJCQAQknU9d1R12WpELBsCZoy7.jpg"
"81","ENDSARS-Protests-knMWLtsveQPMbO9doLmATVUH8EqwHr-pGmUBKns8ONaKq4NYNyEocbBY4BazL.jpg","","https://www.bbforpeace.org/api/media/file/ENDSARS-Protests-knMWLtsveQPMbO9doLmATVUH8EqwHr-pGmUBKns8ONaKq4NYNyEocbBY4BazL.jpg"
"82","RTR2S9CI-1062x598-1-XBpmZcgrSHuPGos5gMLCubRfkkaLL9-lVu2P0Zesz3e1McrnvbAmTjn170NrK.jpg","","https://www.bbforpeace.org/api/media/file/RTR2S9CI-1062x598-1-XBpmZcgrSHuPGos5gMLCubRfkkaLL9-lVu2P0Zesz3e1McrnvbAmTjn170NrK.jpg"
"83","A819F55B-53EF-47BB-B934-C3D79CAA8805-tf6HlAYXJcAQgQ8hrnusZXHZZiQvz9-EGG3LNURf7GYtRG7nonxM3mzRgH2DK.jpg","","https://www.bbforpeace.org/api/media/file/A819F55B-53EF-47BB-B934-C3D79CAA8805-tf6HlAYXJcAQgQ8hrnusZXHZZiQvz9-EGG3LNURf7GYtRG7nonxM3mzRgH2DK.jpg"
"84","with_credit_14364094678_8364fb57f7_o_technical_committee_for_regional_peace_and_security_framework_in_drc-QiEmrseu7IC9lEoOq43Asr7HdqrRS0-uZPoHol0gzv3MHAKJYtnOUKcvokURd.jpg","","https://www.bbforpeace.org/api/media/file/with_credit_14364094678_8364fb57f7_o_technical_committee_for_regional_peace_and_security_framework_in_drc-QiEmrseu7IC9lEoOq43Asr7HdqrRS0-uZPoHol0gzv3MHAKJYtnOUKcvokURd.jpg"
"85","Land-1062x598-1-zzYDUyOv12kl6SyFTySJS6kTZwsYsQ-27F2Ecg6pzVo4eC2fUOUege9J5G7EZ.jpg","","https://www.bbforpeace.org/api/media/file/Land-1062x598-1-zzYDUyOv12kl6SyFTySJS6kTZwsYsQ-27F2Ecg6pzVo4eC2fUOUege9J5G7EZ.jpg"
"86","Antonio-Guterres-ESdDRSqlO17evBJi8jGQEy1sP0uyAf-X3Cad14ci8wy1OxMB19YPxgliTm8PZ.jpg","","https://www.bbforpeace.org/api/media/file/Antonio-Guterres-ESdDRSqlO17evBJi8jGQEy1sP0uyAf-X3Cad14ci8wy1OxMB19YPxgliTm8PZ.jpg"
"87","Do28-oJSzuYclCLjpn6VsNrgdTmmRL8UYZH-eiUxMKyd26vEJ6dZDk6akVG4Ckt4TH.jpg","","https://www.bbforpeace.org/api/media/file/Do28-oJSzuYclCLjpn6VsNrgdTmmRL8UYZH-eiUxMKyd26vEJ6dZDk6akVG4Ckt4TH.jpg"
"88","Do28-OLWnLGI595plaSCHyU3UBia6uUL0Z6-euCp9YB7jIAYP5TFTbgUhEje3kUye7.jpg","","https://www.bbforpeace.org/api/media/file/Do28-OLWnLGI595plaSCHyU3UBia6uUL0Z6-euCp9YB7jIAYP5TFTbgUhEje3kUye7.jpg"
"89","DSC_1626-1536x1021-G7GO6BZf3euLEkiisBn7M6ZzkjaDjX-yCscId9TNmac2EGWGaHWuAxGadfThk.jpg","","https://www.bbforpeace.org/api/media/file/DSC_1626-1536x1021-G7GO6BZf3euLEkiisBn7M6ZzkjaDjX-yCscId9TNmac2EGWGaHWuAxGadfThk.jpg"
"90","Civil-Society-Organizations-Protest-2-VTmkT17wj4BSueMoMiywXVwEaUAAFc-ZK48vE2ymXV5XUzT3SKnoeVhORuAAk.jpg","","https://www.bbforpeace.org/api/media/file/Civil-Society-Organizations-Protest-2-VTmkT17wj4BSueMoMiywXVwEaUAAFc-ZK48vE2ymXV5XUzT3SKnoeVhORuAAk.jpg"
"91","Buhari-Twitter-696x456-1-600x375-1-iVrcvBPsdrv96k5ISRSB6ytD25Ujhc-Xd91pHnutdML97nLXY8hWD8NtMQHrq.jpeg","","https://www.bbforpeace.org/api/media/file/Buhari-Twitter-696x456-1-600x375-1-iVrcvBPsdrv96k5ISRSB6ytD25Ujhc-Xd91pHnutdML97nLXY8hWD8NtMQHrq.jpeg"
"92","image-2019-8R0H614n5A51suIrlnNbcaziwvfhFB-lqaMZoxnOzyF6ToQqb9HzRR0yFS3iZ.jpg","","https://www.bbforpeace.org/api/media/file/image-2019-8R0H614n5A51suIrlnNbcaziwvfhFB-lqaMZoxnOzyF6ToQqb9HzRR0yFS3iZ.jpg"
"93","whatsapp-image-2017-07-16-at-16-22-121-9kqEMlFRRuAc7DfQTk2CufDoXVMUw4-NnrpCHiac1L5VS4u6m5gA6oFSNViRr.jpeg","","https://www.bbforpeace.org/api/media/file/whatsapp-image-2017-07-16-at-16-22-121-9kqEMlFRRuAc7DfQTk2CufDoXVMUw4-NnrpCHiac1L5VS4u6m5gA6oFSNViRr.jpeg"
"94","1yearOn_10032021_draft_v5FINAL_Page_01-VZWZRQo9TTay9klEpddWV3gjDPcSux-S8rkGHuvoWGMF3EEUnMQYyk9ZLBwDr.webp","","https://www.bbforpeace.org/api/media/file/1yearOn_10032021_draft_v5FINAL_Page_01-VZWZRQo9TTay9klEpddWV3gjDPcSux-S8rkGHuvoWGMF3EEUnMQYyk9ZLBwDr.webp"
"95","1yearOn_10032021_draft_v5FINAL_Page_01-K2JyFtDOc0lO1GBMgwZUwgNaiu74Qs-M1f2qPxmrdbVOoJmJBkl6WsEpL8aFu.webp","","https://www.bbforpeace.org/api/media/file/1yearOn_10032021_draft_v5FINAL_Page_01-K2JyFtDOc0lO1GBMgwZUwgNaiu74Qs-M1f2qPxmrdbVOoJmJBkl6WsEpL8aFu.webp"
"96","WhatsApp-Image-2020-01-28-at-6.40.22-PM-2r6paYE8a40juhP5vvWDKPwx0YTilB-WcgVfHT7EAigAlqib3DoLisRbFhhWj.jpeg","","https://www.bbforpeace.org/api/media/file/WhatsApp-Image-2020-01-28-at-6.40.22-PM-2r6paYE8a40juhP5vvWDKPwx0YTilB-WcgVfHT7EAigAlqib3DoLisRbFhhWj.jpeg"
"97","18-731x1024-t7D8fciHCtNND6M9Wr3LEDTLXMLc59-nJQk6In33hM3PbfOHyCNMJNuPFthod.png","","https://www.bbforpeace.org/api/media/file/18-731x1024-t7D8fciHCtNND6M9Wr3LEDTLXMLc59-nJQk6In33hM3PbfOHyCNMJNuPFthod.png"
"102","DSC5062-1536x1025-98wPRIRgDgHdH3EAUoubhlQIkOL3Qq-BkNgij3St3PR2EYzPUTkqP62Y329IB.jpg","","https://www.bbforpeace.org/api/media/file/DSC5062-1536x1025-98wPRIRgDgHdH3EAUoubhlQIkOL3Qq-BkNgij3St3PR2EYzPUTkqP62Y329IB.jpg"
"103","591416645_829893423002172_2048850828198113879_n-yOmPwfZPsNwmaCP7GlgpgPoN5sTWjJ-Jh7UkZI1edfcbv9eKw0946TGi9MkLh.jpg","","https://www.bbforpeace.org/api/media/file/591416645_829893423002172_2048850828198113879_n-yOmPwfZPsNwmaCP7GlgpgPoN5sTWjJ-Jh7UkZI1edfcbv9eKw0946TGi9MkLh.jpg"
"104","591416645_829893423002172_2048850828198113879_n-Ff1vT5Gcw9ViIFeLxzL9NWoi1CAj1I-xIAKQmOKW75DBNmW3a1MuX8Er40wE9.jpg","","https://www.bbforpeace.org/api/media/file/591416645_829893423002172_2048850828198113879_n-Ff1vT5Gcw9ViIFeLxzL9NWoi1CAj1I-xIAKQmOKW75DBNmW3a1MuX8Er40wE9.jpg"
"108","1010-8DcJMBwLsAxnNyld0Gx3nrnngVWf1j-ntudeWtp1MuPnewwgUVKYs5GfWHGz4.jpg","","https://www.bbforpeace.org/api/media/file/1010-8DcJMBwLsAxnNyld0Gx3nrnngVWf1j-ntudeWtp1MuPnewwgUVKYs5GfWHGz4.jpg"
"110","1010-Y2Dn9dshXtORyLB1sKp34Zb4yFsoC8-uCQrKl4nUQ1vWMw9rXmcQH4dCemK9y.jpg","","https://www.bbforpeace.org/api/media/file/1010-Y2Dn9dshXtORyLB1sKp34Zb4yFsoC8-uCQrKl4nUQ1vWMw9rXmcQH4dCemK9y.jpg"
"114","Nasarawa-LAPA-bVBcboZeP4A2WYlC94DBQkv9ITfMxe-a6wPvEmcucIkmAQfnsGBvd9l7JiiSF.pdf","","https://www.bbforpeace.org/api/media/file/Nasarawa-LAPA-bVBcboZeP4A2WYlC94DBQkv9ITfMxe-a6wPvEmcucIkmAQfnsGBvd9l7JiiSF.pdf"
"117","1010-p1HDFHugbdEBH56p3pbDlSrCXIs3JH-1xOI5J04Cr5P6GRTfmsZsv7qJ7n9Dx.jpg","","https://www.bbforpeace.org/api/media/file/1010-p1HDFHugbdEBH56p3pbDlSrCXIs3JH-1xOI5J04Cr5P6GRTfmsZsv7qJ7n9Dx.jpg"
"118","Policy-Engagement-Strategies-3dpfvl5XC0QvyWDJXteE9vTEZ1IkC2-HiX1FzcOOUQqxGa3RCEqxMk23ASvZz.pdf","","https://www.bbforpeace.org/api/media/file/Policy-Engagement-Strategies-3dpfvl5XC0QvyWDJXteE9vTEZ1IkC2-HiX1FzcOOUQqxGa3RCEqxMk23ASvZz.pdf"
"123","unoy-Da1rc9Xbx5lLCAwHWYy9xCO6aEw3XL-3YLBaEmPN1BGxovefJap7UBlXbmLCo.png","","https://www.bbforpeace.org/api/media/file/unoy-Da1rc9Xbx5lLCAwHWYy9xCO6aEw3XL-3YLBaEmPN1BGxovefJap7UBlXbmLCo.png"
"124","R-R6xPlB3pwzXPDmSdX6atYM5oUMy9mt-gZ4HrUbKCfCQ48dCiWuqpSFjW4TyMN.png","","https://www.bbforpeace.org/api/media/file/R-R6xPlB3pwzXPDmSdX6atYM5oUMy9mt-gZ4HrUbKCfCQ48dCiWuqpSFjW4TyMN.png"
"125","minstry-I6cHspFWJ71LC9Vwk87G62IpQVEW1w-cZd2kZgpO7EGBSGBJ6BHA4j8imONIh.jpg","","https://www.bbforpeace.org/api/media/file/minstry-I6cHspFWJ71LC9Vwk87G62IpQVEW1w-cZd2kZgpO7EGBSGBJ6BHA4j8imONIh.jpg"
"126","download-efZIeSIlCKTYwtRNyLUjKNNycTjX2X-hACtK0lXnvJf2qmnCImMBUm4qMHpZw.png","","https://www.bbforpeace.org/api/media/file/download-efZIeSIlCKTYwtRNyLUjKNNycTjX2X-hACtK0lXnvJf2qmnCImMBUm4qMHpZw.png"
"127","goat-YAwVVbpTAqGswj8F6V9oI22skoTgkA-aLAgn3c3X7wVuwoPrBtlgs11zTKADr.png","","https://www.bbforpeace.org/api/media/file/goat-YAwVVbpTAqGswj8F6V9oI22skoTgkA-aLAgn3c3X7wVuwoPrBtlgs11zTKADr.png"
"128","noa-27hzZB66tg3hIuUc65P0RNEr9GfZdD-9Kx57blGTKv2QcCzoeqa6dgyvcQaM0.jpg","","https://www.bbforpeace.org/api/media/file/noa-27hzZB66tg3hIuUc65P0RNEr9GfZdD-9Kx57blGTKv2QcCzoeqa6dgyvcQaM0.jpg"
"129","undp-c95O7zMoaWcGxLlShPgAK9XnOIDvJw-zCZAzP9bXZDIk7UYX1ykrHHSNFKwSG.png","","https://www.bbforpeace.org/api/media/file/undp-c95O7zMoaWcGxLlShPgAK9XnOIDvJw-zCZAzP9bXZDIk7UYX1ykrHHSNFKwSG.png"
"130","space-9OvO3qcTVVGb812sLPGk2fnihDvVAP-J3cwi0BgKK4oLk5fDUYfiMDAMFMUky.jpg","","https://www.bbforpeace.org/api/media/file/space-9OvO3qcTVVGb812sLPGk2fnihDvVAP-J3cwi0BgKK4oLk5fDUYfiMDAMFMUky.jpg"
"131","karibu-32xXsphsWWRKHns95nkCx1dixML7ie-bD5tbjrszgaybGpxSAjMEm8iogRJZx.jpg","","https://www.bbforpeace.org/api/media/file/karibu-32xXsphsWWRKHns95nkCx1dixML7ie-bD5tbjrszgaybGpxSAjMEm8iogRJZx.jpg"
"132","gnwp-8S8ORkRBL84SKU4WTbhuYHzPisG0Fd-gcPV2V32ISdPsTXUlFEZW7S26mAyWK.jpg","","https://www.bbforpeace.org/api/media/file/gnwp-8S8ORkRBL84SKU4WTbhuYHzPisG0Fd-gcPV2V32ISdPsTXUlFEZW7S26mAyWK.jpg"
"133","gpac-IrwFnEBaG8Wuo3olQhw5a9yJEJBAqa-5KLD7zH0ijDxS3wp9CDLViAitByq0M.png","","https://www.bbforpeace.org/api/media/file/gpac-IrwFnEBaG8Wuo3olQhw5a9yJEJBAqa-5KLD7zH0ijDxS3wp9CDLViAitByq0M.png"
"134","yal-juTC6FgQZYcAw9LKywLqFaXtUFcZeI-EOWLuiaaSK7lxh6qd0Sqr9YS6SIKJH.png","","https://www.bbforpeace.org/api/media/file/yal-juTC6FgQZYcAw9LKywLqFaXtUFcZeI-EOWLuiaaSK7lxh6qd0Sqr9YS6SIKJH.png"