id,filename,url,mime_type
"1","PXL_20251008_123053054 (2).jpg","/api/media/file/PXL_20251008_123053054%20(2).jpg","image/jpeg"
"2","_VEE7037 (1).jpg","https://pub-0963e194120e46498b29b2d9ccdabb16.r2.dev/media/2/_VEE7037-1.jpg","image/jpeg"
"3","Northwest22.png","/api/media/file/Northwest22.png","image/png"
"4","_VEE7153 (6).jpg","https://pub-0963e194120e46498b29b2d9ccdabb16.r2.dev/media/4/_VEE7153-6.jpg","image/jpeg"
"5","PXL_20251008_122828933.jpg","https://pub-0963e194120e46498b29b2d9ccdabb16.r2.dev/media/5/PXL_20251008_122828933.jpg","image/jpeg"
"6","_VEE6887 (20).jpg","https://pub-0963e194120e46498b29b2d9ccdabb16.r2.dev/media/6/_VEE6887-20.jpg","image/jpeg"
"7","_VEE6792.jpg","https://pub-0963e194120e46498b29b2d9ccdabb16.r2.dev/media/7/_VEE6792.jpg","image/jpeg"
"8","PXL_20251007_092308643.jpg","https://pub-0963e194120e46498b29b2d9ccdabb16.r2.dev/media/8/PXL_20251007_092308643.jpg","image/jpeg"
"9","_VEE7856.jpg","https://pub-0963e194120e46498b29b2d9ccdabb16.r2.dev/media/9/_VEE7856.jpg","image/jpeg"
"10","_VEE7009 (1).jpg","/images/_VEE7009 (1).jpg","image/jpeg"
"11","reports/2025 annual report.PNG","/images/reports/2025 annual report.PNG","image/png"
"12","reports/2024 annual report.PNG","/images/reports/2024 annual report.PNG","image/png"
"13","BBFORPEACE ANNUAL REPORT 2025.pdf","/documents/BBFORPEACE ANNUAL REPORT 2025.pdf","application/pdf"
"14","BBFORPEACE ANNUAL REPORT 2024.pdf","/documents/BBFORPEACE ANNUAL REPORT 2024.pdf","application/pdf"
"15","BBFORPEACE-Baseline-Study-NAP-YPS.pdf","/documents/BBFORPEACE-Baseline-Study-NAP-YPS.pdf","application/pdf"
"16","BBFORPEACE-Shrinking-Civic-Space.pdf","/documents/BBFORPEACE-Shrinking-Civic-Space.pdf","application/pdf"
"17","BBFORPEACE-UNSCR-2250-AU-Framework.pdf","/documents/BBFORPEACE-UNSCR-2250-AU-Framework.pdf","application/pdf"
"18","BBFORPEACE-Beyond-EndSARS.pdf","/documents/BBFORPEACE-Beyond-EndSARS.pdf","application/pdf"
"19","BBFORPEACE-Youth-Voices-Peace.pdf","/documents/BBFORPEACE-Youth-Voices-Peace.pdf","application/pdf"
"20","BBFORPEACE-COVID19-Peacebuilding.pdf","/documents/BBFORPEACE-COVID19-Peacebuilding.pdf","application/pdf"
"23","ourteam/1. Rafiu Adeniran Lawal, Executive Director.jpeg","/images/ourteam/1. Rafiu Adeniran Lawal, Executive Director.jpeg","image/jpeg"
"24","ourteam/2. Anthonia Folashade, Communications Manager.png","/images/ourteam/2. Anthonia Folashade, Communications Manager.png","image/png"
"25","ourteam/3. Eseimokumo Albert, Project Officer (Youth, Peace and Security).jpeg","/images/ourteam/3. Eseimokumo Albert, Project Officer (Youth, Peace and Security).jpeg","image/jpeg"
"26","ourteam/4. Mercy Oyip, Wellbeing and Admin Assistant.jpeg","/images/ourteam/4. Mercy Oyip, Wellbeing and Admin Assistant.jpeg","image/jpeg"
"27","ourteam/5. Samson Shabu, Project Officer (Climate, Peace and Security).jpeg","/images/ourteam/5. Samson Shabu, Project Officer (Climate, Peace and Security).jpeg","image/jpeg"
"28","ourteam/6. Project Intern (Gender, Monitoring and Evaluation).jpeg","/images/ourteam/6. Project Intern (Gender, Monitoring and Evaluation).jpeg","image/jpeg"
"29","board/Professor Charles Ukeje (Board Chair).png","/images/board/Professor Charles Ukeje (Board Chair).png","image/png"
"30","board/Rafiu Adeniran Lawal (Board Secretary).jpeg","/images/board/Rafiu Adeniran Lawal (Board Secretary).jpeg","image/jpeg"
"31","board/Lantana Bako Abdullahi (Member).jpeg","/images/board/Lantana Bako Abdullahi (Member).jpeg","image/jpeg"
"32","board/Mautin Akapo, ACA, ACTI (Member).jpeg","/images/board/Mautin Akapo, ACA, ACTI (Member).jpeg","image/jpeg"
"33","board/Olayinka Risikat Lawal (Member).jpeg","/images/board/Olayinka Risikat Lawal (Member).jpeg","image/jpeg"
"34","board/Princess Moyinoluwa Olubunmi Falowo (Member).jpeg","/images/board/Princess Moyinoluwa Olubunmi Falowo (Member).jpeg","image/jpeg"
"35","project-report-placeholder-1.pdf","/documents/project-report-placeholder-1.pdf","application/pdf"
"36","project-report-placeholder-2.pdf","/documents/project-report-placeholder-2.pdf","application/pdf"
"37","project-report-placeholder-3.pdf","/documents/project-report-placeholder-3.pdf","application/pdf"
"38","project-report-placeholder-4.pdf","/documents/project-report-placeholder-4.pdf","application/pdf"
"39","policy report.PNG","/api/media/file/policy%20report.PNG","image/png"
"41","policy report-1.PNG","/api/media/file/policy%20report-1.PNG","image/png"
"44","WAPSED2025 (4)-1.pdf","/api/media/file/WAPSED2025%20(4)-1.pdf","application/pdf"
"45","Impact Report.pdf","/api/media/file/Impact%20Report.pdf","application/pdf"
"46","Northwest.png","/api/media/file/Northwest.png","image/png"
"47","Northwest23.pdf","/api/media/file/Northwest23.pdf","application/pdf"
"48","WhatsApp Image 2020-11-23 at 2.00.38 PM.jpeg","/api/media/file/WhatsApp%20Image%202020-11-23%20at%202.00.38%20PM.jpeg","image/jpeg"
"49","GPPAC BOOK.pdf","/api/media/file/GPPAC%20BOOK.pdf","application/pdf"
"50","zzz.jpeg","/api/media/file/zzz.jpeg","image/jpeg"
"53","COVER PAGE.jpeg","/api/media/file/COVER%20PAGE.jpeg","image/jpeg"
"58","mummy-oNOnLiuOXd2LEtHDmHcshhu5PHC7cQ-7Q3sQIdYhEG4nWBxD5Bv8GE8h9Ihch.jpg","/api/media/file/mummy-oNOnLiuOXd2LEtHDmHcshhu5PHC7cQ-7Q3sQIdYhEG4nWBxD5Bv8GE8h9Ihch.jpg","image/jpeg"
"61","globalpeace-koTVHAkJqHZ5j3xONVERiXV1NcS4s7-iVNGZgrIqH7jGYdVKoaFm3DZ05xM5a.pdf","/api/media/file/globalpeace-koTVHAkJqHZ5j3xONVERiXV1NcS4s7-iVNGZgrIqH7jGYdVKoaFm3DZ05xM5a.pdf","application/pdf"
"62","unnamed-VOzxoJJmTRWP50bIFi4mlqSxUhr4t8-tjK1wyuYOFxPvNTPK2kLQGtSPP56k7.png","/api/media/file/unnamed-VOzxoJJmTRWP50bIFi4mlqSxUhr4t8-tjK1wyuYOFxPvNTPK2kLQGtSPP56k7.png","image/png"
"63","Updated-Final-Baseline-54pFoYHZHqHqRRYhYpB9jUek1Ju1OI-0J3L4uzUbl38iULueCXoo2LERhW7Ze.pdf","/api/media/file/Updated-Final-Baseline-54pFoYHZHqHqRRYhYpB9jUek1Ju1OI-0J3L4uzUbl38iULueCXoo2LERhW7Ze.pdf","application/pdf"
"64","Screenshot_20210510-181042-NtYy0Xvx1fAAWHKoQ8tAPBmjjxjkOy-HwAYDH2abSInZsc7fzglyM5eMffDhm.webp","/api/media/file/Screenshot_20210510-181042-NtYy0Xvx1fAAWHKoQ8tAPBmjjxjkOy-HwAYDH2abSInZsc7fzglyM5eMffDhm.webp","image/webp"
"65","civic-GDQexn4KmLkn9FwGdMTww1hw21Nf4y-dP5Fpo8Mioq4mPjhJBMPjRt9ez6eaQ.pdf","/api/media/file/civic-GDQexn4KmLkn9FwGdMTww1hw21Nf4y-dP5Fpo8Mioq4mPjhJBMPjRt9ez6eaQ.pdf","application/pdf"
"66","COVID91-7tkST4pZRNGW75vGk1xharNZufCoAF-aSWwK8MgP21DgLbhmHLzCaawsU8lje.png","/api/media/file/COVID91-7tkST4pZRNGW75vGk1xharNZufCoAF-aSWwK8MgP21DgLbhmHLzCaawsU8lje.png","image/png"
"68","futurespeacebuilding-lWHbWbnwQGkB3dGGP4dPGNO3bNlVUc-QTcdyKboxcKSvWcYld4MZlKOCGfgxE.pdf","/api/media/file/futurespeacebuilding-lWHbWbnwQGkB3dGGP4dPGNO3bNlVUc-QTcdyKboxcKSvWcYld4MZlKOCGfgxE.pdf","application/pdf"
"69","Nigerian-immigrants-72KPYIQY1VLdFMfipiJUF6DEfiRIWS-zCGS9MHVbQjf89DsgEYZDDpj3401H3.jpg","/api/media/file/Nigerian-immigrants-72KPYIQY1VLdFMfipiJUF6DEfiRIWS-zCGS9MHVbQjf89DsgEYZDDpj3401H3.jpg","image/jpeg"
"70","youth_day-2023_index_0-b06TPQtWxRb8kYS2w4GiI5ckPIxv5D-xGmfeF0VFfMIPFwa4EsuV4ng1f9gf6.jpg","/api/media/file/youth_day-2023_index_0-b06TPQtWxRb8kYS2w4GiI5ckPIxv5D-xGmfeF0VFfMIPFwa4EsuV4ng1f9gf6.jpg","image/jpeg"
"71","IMG_20220727_134654_846-7bD2j2RK5IVT9eufwBZxlJoltDeWa9-BB0QeiMFg6Q4tI3oyB9gHm0gKBpWS2.jpg","/api/media/file/IMG_20220727_134654_846-7bD2j2RK5IVT9eufwBZxlJoltDeWa9-BB0QeiMFg6Q4tI3oyB9gHm0gKBpWS2.jpg","image/jpeg"
"72","hate-speech-day-YQnpp5RLeJcLqkoaQ3HeW9xCMTRZMe-gPlHUJrUemSk23yQwSWI26NsUxXf3k.png","/api/media/file/hate-speech-day-YQnpp5RLeJcLqkoaQ3HeW9xCMTRZMe-gPlHUJrUemSk23yQwSWI26NsUxXf3k.png","image/png"
"73","day_of_families-2023-mB2aq2vXx6VZzMxQEdgpfSyLqfBXwv-PwfRnIxd7xLKf6DubXwjblgX5pxend.png","/api/media/file/day_of_families-2023-mB2aq2vXx6VZzMxQEdgpfSyLqfBXwv-PwfRnIxd7xLKf6DubXwjblgX5pxend.png","image/png"
"74","Sexual-violence-in-Nigeria-1-ZwKYHV6I8KCycOxS1AhHIvBB3Q4aPK-jJwutB1pfxYGSjYnxevyfG6zajQ48g.jpg","/api/media/file/Sexual-violence-in-Nigeria-1-ZwKYHV6I8KCycOxS1AhHIvBB3Q4aPK-jJwutB1pfxYGSjYnxevyfG6zajQ48g.jpg","image/jpeg"
"75","R-7-eKLk1GfP8CIImEMsFq30p0QbvWSbsk-ofPhVs4s0dbvLWDuH0WpeHFEXhOqVd.jpg","/api/media/file/R-7-eKLk1GfP8CIImEMsFq30p0QbvWSbsk-ofPhVs4s0dbvLWDuH0WpeHFEXhOqVd.jpg","image/jpeg"
"76","IMG_9351-1-xaW6ReC66oJ45azSdxdxMxajW40kUu-2cNHa79PDhqV0QPuQYojhP7IK2esPd.jpg","/api/media/file/IMG_9351-1-xaW6ReC66oJ45azSdxdxMxajW40kUu-2cNHa79PDhqV0QPuQYojhP7IK2esPd.jpg","image/jpeg"
"77","R-6-6f0iYnUpPzlIExi0z30WMvgKprg1sV-0fCtUjeYp0G4gRDe2MCeppEzKj6McG.jpg","/api/media/file/R-6-6f0iYnUpPzlIExi0z30WMvgKprg1sV-0fCtUjeYp0G4gRDe2MCeppEzKj6McG.jpg","image/jpeg"
"78","R-6-mE8SJCQeWcI2LSrNNQdo6x2fuJ9rA2-6TPUYQ6DiaYOGM2K5FRBi4hL1VIijf.jpg","/api/media/file/R-6-mE8SJCQeWcI2LSrNNQdo6x2fuJ9rA2-6TPUYQ6DiaYOGM2K5FRBi4hL1VIijf.jpg","image/jpeg"
"79","BBFORPEACE-uq5rxXEEy4NjN5yaRK4xvGHXr7x2rh-lcOBdyTKe8q062wpXC0flGoqdbvmjb.png","/api/media/file/BBFORPEACE-uq5rxXEEy4NjN5yaRK4xvGHXr7x2rh-lcOBdyTKe8q062wpXC0flGoqdbvmjb.png","image/png"
"80","pitur-QE5PLKJkJEAHjqcQlvDcK0T24k6JM0-69WrjJCQAQknU9d1R12WpELBsCZoy7.jpg","/api/media/file/pitur-QE5PLKJkJEAHjqcQlvDcK0T24k6JM0-69WrjJCQAQknU9d1R12WpELBsCZoy7.jpg","image/jpeg"
"81","ENDSARS-Protests-knMWLtsveQPMbO9doLmATVUH8EqwHr-pGmUBKns8ONaKq4NYNyEocbBY4BazL.jpg","/api/media/file/ENDSARS-Protests-knMWLtsveQPMbO9doLmATVUH8EqwHr-pGmUBKns8ONaKq4NYNyEocbBY4BazL.jpg","image/jpeg"
"82","RTR2S9CI-1062x598-1-XBpmZcgrSHuPGos5gMLCubRfkkaLL9-lVu2P0Zesz3e1McrnvbAmTjn170NrK.jpg","/api/media/file/RTR2S9CI-1062x598-1-XBpmZcgrSHuPGos5gMLCubRfkkaLL9-lVu2P0Zesz3e1McrnvbAmTjn170NrK.jpg","image/jpeg"
"83","A819F55B-53EF-47BB-B934-C3D79CAA8805-tf6HlAYXJcAQgQ8hrnusZXHZZiQvz9-EGG3LNURf7GYtRG7nonxM3mzRgH2DK.jpg","/api/media/file/A819F55B-53EF-47BB-B934-C3D79CAA8805-tf6HlAYXJcAQgQ8hrnusZXHZZiQvz9-EGG3LNURf7GYtRG7nonxM3mzRgH2DK.jpg","image/jpeg"
"84","with_credit_14364094678_8364fb57f7_o_technical_committee_for_regional_peace_and_security_framework_in_drc-QiEmrseu7IC9lEoOq43Asr7HdqrRS0-uZPoHol0gzv3MHAKJYtnOUKcvokURd.jpg","/api/media/file/with_credit_14364094678_8364fb57f7_o_technical_committee_for_regional_peace_and_security_framework_in_drc-QiEmrseu7IC9lEoOq43Asr7HdqrRS0-uZPoHol0gzv3MHAKJYtnOUKcvokURd.jpg","image/jpeg"
"85","Land-1062x598-1-zzYDUyOv12kl6SyFTySJS6kTZwsYsQ-27F2Ecg6pzVo4eC2fUOUege9J5G7EZ.jpg","/api/media/file/Land-1062x598-1-zzYDUyOv12kl6SyFTySJS6kTZwsYsQ-27F2Ecg6pzVo4eC2fUOUege9J5G7EZ.jpg","image/jpeg"
"86","Antonio-Guterres-ESdDRSqlO17evBJi8jGQEy1sP0uyAf-X3Cad14ci8wy1OxMB19YPxgliTm8PZ.jpg","/api/media/file/Antonio-Guterres-ESdDRSqlO17evBJi8jGQEy1sP0uyAf-X3Cad14ci8wy1OxMB19YPxgliTm8PZ.jpg","image/jpeg"
"87","Do28-oJSzuYclCLjpn6VsNrgdTmmRL8UYZH-eiUxMKyd26vEJ6dZDk6akVG4Ckt4TH.jpg","/api/media/file/Do28-oJSzuYclCLjpn6VsNrgdTmmRL8UYZH-eiUxMKyd26vEJ6dZDk6akVG4Ckt4TH.jpg","image/jpeg"
"88","Do28-OLWnLGI595plaSCHyU3UBia6uUL0Z6-euCp9YB7jIAYP5TFTbgUhEje3kUye7.jpg","/api/media/file/Do28-OLWnLGI595plaSCHyU3UBia6uUL0Z6-euCp9YB7jIAYP5TFTbgUhEje3kUye7.jpg","image/jpeg"
"89","DSC_1626-1536x1021-G7GO6BZf3euLEkiisBn7M6ZzkjaDjX-yCscId9TNmac2EGWGaHWuAxGadfThk.jpg","/api/media/file/DSC_1626-1536x1021-G7GO6BZf3euLEkiisBn7M6ZzkjaDjX-yCscId9TNmac2EGWGaHWuAxGadfThk.jpg","image/jpeg"
"90","Civil-Society-Organizations-Protest-2-VTmkT17wj4BSueMoMiywXVwEaUAAFc-ZK48vE2ymXV5XUzT3SKnoeVhORuAAk.jpg","/api/media/file/Civil-Society-Organizations-Protest-2-VTmkT17wj4BSueMoMiywXVwEaUAAFc-ZK48vE2ymXV5XUzT3SKnoeVhORuAAk.jpg","image/jpeg"
"91","Buhari-Twitter-696x456-1-600x375-1-iVrcvBPsdrv96k5ISRSB6ytD25Ujhc-Xd91pHnutdML97nLXY8hWD8NtMQHrq.jpeg","/api/media/file/Buhari-Twitter-696x456-1-600x375-1-iVrcvBPsdrv96k5ISRSB6ytD25Ujhc-Xd91pHnutdML97nLXY8hWD8NtMQHrq.jpeg","image/jpeg"
"92","image-2019-8R0H614n5A51suIrlnNbcaziwvfhFB-lqaMZoxnOzyF6ToQqb9HzRR0yFS3iZ.jpg","/api/media/file/image-2019-8R0H614n5A51suIrlnNbcaziwvfhFB-lqaMZoxnOzyF6ToQqb9HzRR0yFS3iZ.jpg","image/jpeg"
"93","whatsapp-image-2017-07-16-at-16-22-121-9kqEMlFRRuAc7DfQTk2CufDoXVMUw4-NnrpCHiac1L5VS4u6m5gA6oFSNViRr.jpeg","/api/media/file/whatsapp-image-2017-07-16-at-16-22-121-9kqEMlFRRuAc7DfQTk2CufDoXVMUw4-NnrpCHiac1L5VS4u6m5gA6oFSNViRr.jpeg","image/jpeg"
"94","1yearOn_10032021_draft_v5FINAL_Page_01-VZWZRQo9TTay9klEpddWV3gjDPcSux-S8rkGHuvoWGMF3EEUnMQYyk9ZLBwDr.webp","/api/media/file/1yearOn_10032021_draft_v5FINAL_Page_01-VZWZRQo9TTay9klEpddWV3gjDPcSux-S8rkGHuvoWGMF3EEUnMQYyk9ZLBwDr.webp","image/webp"
"95","1yearOn_10032021_draft_v5FINAL_Page_01-K2JyFtDOc0lO1GBMgwZUwgNaiu74Qs-M1f2qPxmrdbVOoJmJBkl6WsEpL8aFu.webp","/api/media/file/1yearOn_10032021_draft_v5FINAL_Page_01-K2JyFtDOc0lO1GBMgwZUwgNaiu74Qs-M1f2qPxmrdbVOoJmJBkl6WsEpL8aFu.webp","image/webp"
"96","WhatsApp-Image-2020-01-28-at-6.40.22-PM-2r6paYE8a40juhP5vvWDKPwx0YTilB-WcgVfHT7EAigAlqib3DoLisRbFhhWj.jpeg","/api/media/file/WhatsApp-Image-2020-01-28-at-6.40.22-PM-2r6paYE8a40juhP5vvWDKPwx0YTilB-WcgVfHT7EAigAlqib3DoLisRbFhhWj.jpeg","image/jpeg"
"97","18-731x1024-t7D8fciHCtNND6M9Wr3LEDTLXMLc59-nJQk6In33hM3PbfOHyCNMJNuPFthod.png","/api/media/file/18-731x1024-t7D8fciHCtNND6M9Wr3LEDTLXMLc59-nJQk6In33hM3PbfOHyCNMJNuPFthod.png","image/png"
"102","DSC5062-1536x1025-98wPRIRgDgHdH3EAUoubhlQIkOL3Qq-BkNgij3St3PR2EYzPUTkqP62Y329IB.jpg","/api/media/file/DSC5062-1536x1025-98wPRIRgDgHdH3EAUoubhlQIkOL3Qq-BkNgij3St3PR2EYzPUTkqP62Y329IB.jpg","image/jpeg"
"103","591416645_829893423002172_2048850828198113879_n-yOmPwfZPsNwmaCP7GlgpgPoN5sTWjJ-Jh7UkZI1edfcbv9eKw0946TGi9MkLh.jpg","/api/media/file/591416645_829893423002172_2048850828198113879_n-yOmPwfZPsNwmaCP7GlgpgPoN5sTWjJ-Jh7UkZI1edfcbv9eKw0946TGi9MkLh.jpg","image/jpeg"
"104","591416645_829893423002172_2048850828198113879_n-Ff1vT5Gcw9ViIFeLxzL9NWoi1CAj1I-xIAKQmOKW75DBNmW3a1MuX8Er40wE9.jpg","/api/media/file/591416645_829893423002172_2048850828198113879_n-Ff1vT5Gcw9ViIFeLxzL9NWoi1CAj1I-xIAKQmOKW75DBNmW3a1MuX8Er40wE9.jpg","image/jpeg"
"108","1010-8DcJMBwLsAxnNyld0Gx3nrnngVWf1j-ntudeWtp1MuPnewwgUVKYs5GfWHGz4.jpg","/api/media/file/1010-8DcJMBwLsAxnNyld0Gx3nrnngVWf1j-ntudeWtp1MuPnewwgUVKYs5GfWHGz4.jpg","image/jpeg"
"110","1010-Y2Dn9dshXtORyLB1sKp34Zb4yFsoC8-uCQrKl4nUQ1vWMw9rXmcQH4dCemK9y.jpg","/api/media/file/1010-Y2Dn9dshXtORyLB1sKp34Zb4yFsoC8-uCQrKl4nUQ1vWMw9rXmcQH4dCemK9y.jpg","image/jpeg"
"114","Nasarawa-LAPA-bVBcboZeP4A2WYlC94DBQkv9ITfMxe-a6wPvEmcucIkmAQfnsGBvd9l7JiiSF.pdf","/api/media/file/Nasarawa-LAPA-bVBcboZeP4A2WYlC94DBQkv9ITfMxe-a6wPvEmcucIkmAQfnsGBvd9l7JiiSF.pdf","application/pdf"
"117","1010-p1HDFHugbdEBH56p3pbDlSrCXIs3JH-1xOI5J04Cr5P6GRTfmsZsv7qJ7n9Dx.jpg","/api/media/file/1010-p1HDFHugbdEBH56p3pbDlSrCXIs3JH-1xOI5J04Cr5P6GRTfmsZsv7qJ7n9Dx.jpg","image/jpeg"
"118","Policy-Engagement-Strategies-3dpfvl5XC0QvyWDJXteE9vTEZ1IkC2-HiX1FzcOOUQqxGa3RCEqxMk23ASvZz.pdf","/api/media/file/Policy-Engagement-Strategies-3dpfvl5XC0QvyWDJXteE9vTEZ1IkC2-HiX1FzcOOUQqxGa3RCEqxMk23ASvZz.pdf","application/pdf"
"123","unoy-Da1rc9Xbx5lLCAwHWYy9xCO6aEw3XL-3YLBaEmPN1BGxovefJap7UBlXbmLCo.png","/api/media/file/unoy-Da1rc9Xbx5lLCAwHWYy9xCO6aEw3XL-3YLBaEmPN1BGxovefJap7UBlXbmLCo.png","image/png"
"124","R-R6xPlB3pwzXPDmSdX6atYM5oUMy9mt-gZ4HrUbKCfCQ48dCiWuqpSFjW4TyMN.png","/api/media/file/R-R6xPlB3pwzXPDmSdX6atYM5oUMy9mt-gZ4HrUbKCfCQ48dCiWuqpSFjW4TyMN.png","image/png"
"125","minstry-I6cHspFWJ71LC9Vwk87G62IpQVEW1w-cZd2kZgpO7EGBSGBJ6BHA4j8imONIh.jpg","/api/media/file/minstry-I6cHspFWJ71LC9Vwk87G62IpQVEW1w-cZd2kZgpO7EGBSGBJ6BHA4j8imONIh.jpg","image/jpeg"
"126","download-efZIeSIlCKTYwtRNyLUjKNNycTjX2X-hACtK0lXnvJf2qmnCImMBUm4qMHpZw.png","/api/media/file/download-efZIeSIlCKTYwtRNyLUjKNNycTjX2X-hACtK0lXnvJf2qmnCImMBUm4qMHpZw.png","image/png"
"127","goat-YAwVVbpTAqGswj8F6V9oI22skoTgkA-aLAgn3c3X7wVuwoPrBtlgs11zTKADr.png","/api/media/file/goat-YAwVVbpTAqGswj8F6V9oI22skoTgkA-aLAgn3c3X7wVuwoPrBtlgs11zTKADr.png","image/png"
"128","noa-27hzZB66tg3hIuUc65P0RNEr9GfZdD-9Kx57blGTKv2QcCzoeqa6dgyvcQaM0.jpg","/api/media/file/noa-27hzZB66tg3hIuUc65P0RNEr9GfZdD-9Kx57blGTKv2QcCzoeqa6dgyvcQaM0.jpg","image/jpeg"
"129","undp-c95O7zMoaWcGxLlShPgAK9XnOIDvJw-zCZAzP9bXZDIk7UYX1ykrHHSNFKwSG.png","/api/media/file/undp-c95O7zMoaWcGxLlShPgAK9XnOIDvJw-zCZAzP9bXZDIk7UYX1ykrHHSNFKwSG.png","image/png"
"130","space-9OvO3qcTVVGb812sLPGk2fnihDvVAP-J3cwi0BgKK4oLk5fDUYfiMDAMFMUky.jpg","/api/media/file/space-9OvO3qcTVVGb812sLPGk2fnihDvVAP-J3cwi0BgKK4oLk5fDUYfiMDAMFMUky.jpg","image/jpeg"
"131","karibu-32xXsphsWWRKHns95nkCx1dixML7ie-bD5tbjrszgaybGpxSAjMEm8iogRJZx.jpg","/api/media/file/karibu-32xXsphsWWRKHns95nkCx1dixML7ie-bD5tbjrszgaybGpxSAjMEm8iogRJZx.jpg","image/jpeg"
"132","gnwp-8S8ORkRBL84SKU4WTbhuYHzPisG0Fd-gcPV2V32ISdPsTXUlFEZW7S26mAyWK.jpg","/api/media/file/gnwp-8S8ORkRBL84SKU4WTbhuYHzPisG0Fd-gcPV2V32ISdPsTXUlFEZW7S26mAyWK.jpg","image/jpeg"
"133","gpac-IrwFnEBaG8Wuo3olQhw5a9yJEJBAqa-5KLD7zH0ijDxS3wp9CDLViAitByq0M.png","/api/media/file/gpac-IrwFnEBaG8Wuo3olQhw5a9yJEJBAqa-5KLD7zH0ijDxS3wp9CDLViAitByq0M.png","image/png"
"134","yal-juTC6FgQZYcAw9LKywLqFaXtUFcZeI-EOWLuiaaSK7lxh6qd0Sqr9YS6SIKJH.png","/api/media/file/yal-juTC6FgQZYcAw9LKywLqFaXtUFcZeI-EOWLuiaaSK7lxh6qd0Sqr9YS6SIKJH.png","image/png"
